Active (0/1);Name *;Parent category
1;Akcesoria;Home
1;Akcesoria do pakowania;Akcesoria
1;Albumy;Akcesoria
1;Gadżety;Akcesoria
1;Kostki i liczniki życia;Akcesoria
1;Koszulki na karty;Akcesoria
1;Standard Size;Koszulki na karty
1;Maty;Akcesoria
1;Pudełka na karty;Akcesoria
1;Torby i plecaki;Akcesoria
1;Tuby;Akcesoria
1;Games Workshop;Home
1;Warhammer;Games Workshop
1;Age of Sigmar;Warhammer
1;Gry karciane;Home
1;Disney Lorcana;Gry karciane
1;Boostery i Booster Boxy;Disney Lorcana
1;Dragon Ball;Gry karciane
1;Flesh and Blood;Gry karciane
1;Boostery i Booster Boxy;Flesh and Blood
1;Magic the gathering;Gry karciane
1;Boostery i Booster Boxy;Magic the gathering
1;Gotowe Talie;Magic the gathering
1;One Piece;Gry karciane
1;Boostery i Booster Boxy;One Piece
1;Gotowe Talie;One Piece
1;Pokémon;Gry karciane
1;Boostery i Booster Boxy;Pokémon
1;Star Wars™: Unlimited;Gry karciane
1;Puzzle;Home
